{
  "win_rate": 0.4876905041031653,
  "sharpe": 2.760225502426795,
  "profit_factor": 1.0289287501383895,
  "n_trades": 6825,
  "auc": 0.641112414177309,
  "notes": null,
  "total_return": 0.10625913271603293,
  "max_drawdown": -0.11347536430302005,
  "feature_importances": {
    "rsi": 242.70830154418945,
    "rsi_prev": 48.76409912109375,
    "rsi_prev2": 32.19279861450195,
    "atr": 293.831298828125,
    "atr_pct": 13898.848093032837,
    "adx": 351.8505973815918,
    "ema200": 931.5845985412598,
    "ema_slope": 0.0,
    "dist_to_ema200": 816.4232025146484,
    "ema_distance_pct": 129.6009979248047,
    "volume_sma": 296.73450088500977,
    "volume_surge": 62.39920234680176,
    "high_2": 314.44930267333984,
    "low_2": 312.11710357666016,
    "body": 60.46729850769043,
    "upper_wick": 0.0,
    "lower_wick": 0.0,
    "bar_range": 164.86620330810547,
    "bar_range_pct": 112.82039833068848,
    "candle_amplitude": 0.0,
    "volatility_ratio": 513.8054962158203,
    "close_position": 0.0,
    "obv": 1150.9324970245361,
    "obv_norm": 573.3616027832031,
    "vol_price_div": 0.0,
    "vol_ratio": 84.91399955749512,
    "ema_fast": 494.5609951019287,
    "ema_slow": 0.0,
    "distance_to_slow_ema": 0.0,
    "ema_fast_slope": 259.63819885253906,
    "ema_slow_slope": 732.2989025115967,
    "mtf_trend_alignment": 43.402000427246094,
    "rsi_mtf": 154.86930084228516,
    "run_up_len": 0.0,
    "run_down_len": 0.0,
    "n_sign_changes": 221.16229629516602,
    "body_to_range_ratio": 0.0,
    "body_to_range_avg": 192.9753017425537,
    "wick_ratio_up": 0.0,
    "wick_ratio_down": 0.0
  },
  "win_rate_post_cost": 0.030920281359906213,
  "sharpe_post_cost": -514.1199408456504,
  "profit_factor_post_cost": 0.012565134473219173,
  "total_return_post_cost": -0.9999999986204475,
  "max_drawdown_post_cost": -0.9999999984579948
}