{
  "win_rate": 0.4876905041031653,
  "sharpe": 2.760225502426795,
  "profit_factor": 1.0289287501383895,
  "n_trades": 6825,
  "auc": 0.641112414177309,
  "notes": null,
  "total_return": 0.10625913271603293,
  "max_drawdown": -0.11347536430302005
}