{
  "win_rate": 0.4997102121247247,
  "sharpe": 2.4498446092225006,
  "profit_factor": 1.0279319700417806,
  "n_trades": 8628,
  "auc": 0.6965825751035304,
  "notes": null,
  "total_return": 0.14202859447423566,
  "max_drawdown": -0.11523775445554624,
  "feature_importances": {
    "rsi": 1183.7676048278809,
    "rsi_prev": 69.38309860229492,
    "rsi_prev2": 184.27509880065918,
    "atr": 1075.1340045928955,
    "atr_pct": 773.3447952270508,
    "adx": 421.16110038757324,
    "ema200": 653.3619956970215,
    "ema_slope": 0.0,
    "dist_to_ema200": 384.9137954711914,
    "ema_distance_pct": 16.76099967956543,
    "volume_sma": 369.3867015838623,
    "volume_surge": 3445.613489151001,
    "high_2": 346.1495018005371,
    "low_2": 220.47569847106934,
    "body": 0.0,
    "upper_wick": 24.414600372314453,
    "lower_wick": 26.02750015258789,
    "bar_range": 56.52969932556152,
    "bar_range_pct": 56.621498107910156,
    "candle_amplitude": 0.0,
    "volatility_ratio": 3430.587411880493,
    "close_position": 18.63330078125,
    "obv": 798.5796957015991,
    "obv_norm": 1077.7577934265137,
    "vol_price_div": 0.0,
    "vol_ratio": 714.1462097167969,
    "ema_fast": 541.6685009002686,
    "ema_slow": 0.0,
    "distance_to_slow_ema": 0.0,
    "ema_fast_slope": 113.7593994140625,
    "ema_slow_slope": 360.23290252685547,
    "mtf_trend_alignment": 284.4622001647949,
    "rsi_mtf": 479.2371988296509,
    "run_up_len": 0.0,
    "run_down_len": 0.0,
    "n_sign_changes": 156.26519966125488,
    "body_to_range_ratio": 24.175500869750977,
    "body_to_range_avg": 577.4811954498291,
    "wick_ratio_up": 24.007999420166016,
    "wick_ratio_down": 0.0
  },
  "win_rate_post_cost": 0.0418453691897531,
  "sharpe_post_cost": -425.4868823892071,
  "profit_factor_post_cost": 0.02454499891264256,
  "total_return_post_cost": -0.9999999999936764,
  "max_drawdown_post_cost": -0.9999999999936764
}