{
  "win_rate": 0.49866387823864294,
  "sharpe": 1.3563696744075695,
  "profit_factor": 1.0148455088576582,
  "n_trades": 8608,
  "auc": 0.7279655150145302,
  "notes": null,
  "total_return": 0.06608755274203126,
  "max_drawdown": -0.11523775445554628
}