{
  "win_rate": 0.4950587141030113,
  "sharpe": 0.772297333612472,
  "profit_factor": 1.0089318395477418,
  "n_trades": 8602,
  "auc": 0.7179141876809609,
  "notes": null,
  "total_return": 0.034077239955362604,
  "max_drawdown": -0.17043492285899883
}