{
  "win_rate": 0.47990681421083287,
  "sharpe": -1.4066638229299295,
  "profit_factor": 0.9837026665696293,
  "n_trades": 6869,
  "auc": 0.6943253725250051,
  "notes": null,
  "total_return": -0.061926396931636374,
  "max_drawdown": -0.08884243434256407
}