{
  "win_rate": 0.4961123360798422,
  "sharpe": 2.0220179235493263,
  "profit_factor": 1.0239205875853494,
  "n_trades": 8618,
  "auc": 0.7213755561468658,
  "notes": null,
  "total_return": 0.1324498128946905,
  "max_drawdown": -0.1621283143910393
}